# Permanent URL redirect - generated by www.rapidtables.com

Redirect 301 /posts/ /blog/
Redirect 301 /posts /blog/

# I removed the categories and dates from URLs to simplify
Redirect 301 /guide/2014/08/08/getting-started-with-iisnode/ /blog/getting-started-with-iisnode
Redirect 301 /code/2014/06/28/alternate-way-to-build-your-own-football-db-sqlite-database/ /blog/alternate-way-to-build-your-own-football-db-sqlite-database
Redirect 301 /blog/2014/06/07/building-a-raspberry-pi-photo-frame/ /blog/building-a-raspberry-pi-photo-frame
Redirect 301 /code/2014/06/06/resolving-angularjs-paths-in-asp-mvc-spa-iis/ /blog/resolving-angularjs-paths-in-asp-mvc-spa-iis
Redirect 301 /code/2014/03/27/setup-up-your-mac-for-net-development/ /blog/setup-up-your-mac-for-net-development
Redirect 301 /guide/2014/03/08/guide-to-football-and-soccer-data-and-apis/ /blog/guide-to-football-and-soccer-data-and-apis
Redirect 301 /blog/2013/12/30/staying-current-with-techdeveloper-news/ /blog/staying-current-with-techdeveloper-news
Redirect 301 /code/2013/12/17/experiment-in-restful-api-partial-updates-via-patch-verb-in-servicestack/ /blog/experiment-in-restful-api-partial-updates-via-patch-verb-in-servicestack
Redirect 301 /guide/2013/12/14/tutorial-how-to-use-teamcity-powershell-runner-to-automatically-deploy-website/ /blog/tutorial-how-to-use-teamcity-powershell-runner-to-automatically-deploy-website
Redirect 301 /code/2013/11/25/querying-the-teamcity-rest-api-with-powershell/ /blog/querying-the-teamcity-rest-api-with-powershell
Redirect 301 /code/2013/10/24/just-spotted-opserver-stack-exchanges-open-source-monitoring-system/ /blog/just-spotted-opserver-stack-exchanges-open-source-monitoring-system
Redirect 301 /code/2013/09/17/windows-powershell-script-examples-for-devops/ /blog/windows-powershell-script-examples-for-devops
Redirect 301 /code/2013/09/07/code-generation-using-servicestack-ormlite-and-t4-text-templates/ /blog/code-generation-using-servicestack-ormlite-and-t4-text-templates
Redirect 301 /code/2013/06/30/servicestack-api-with-fastcgi-mono-server-and-nginx-hosted-on-digitalocean/ /blog/servicestack-api-with-fastcgi-mono-server-and-nginx-hosted-on-digitalocean
Redirect 301 /code/2013/06/11/using-postsharp-to-add-servicestack-route-attributes/ /blog/using-postsharp-to-add-servicestack-route-attributes
Redirect 301 /blog/2013/02/18/cryptonomicon-the-ultimate-computer-geek-novel-reading-aids/ /blog/cryptonomicon-the-ultimate-computer-geek-novel-reading-aids
Redirect 301 /code/2013/01/16/connecting-to-sftp-with-key-file-and-password-using-ssh-net/ /blog/connecting-to-sftp-with-key-file-and-password-using-ssh-net
Redirect 301 /code/2012/12/16/authenticating-servicestack-rest-api-using-hmac/ /blog/authenticating-servicestack-rest-api-using-hmac
Redirect 301 /code/2012/10/21/examples-of-creating-base64-hashes-using-hmac-sha256-in-different-languages/ /blog/examples-of-creating-base64-hashes-using-hmac-sha256-in-different-languages
Redirect 301 /code/2012/07/26/how-to-create-an-asp-net-httphandler-to-serve-files-from-local-system/ /blog/how-to-create-an-asp-net-httphandler-to-serve-files-from-local-system
Redirect 301 /code/2012/07/17/a-clean-javascript-ui-notification-system-with-jquery/ /blog/a-clean-javascript-ui-notification-system-with-jquery
Redirect 301 /code/2012/04/11/fixing-the-file-sharing-violation-exception-when-verifying-and-repairing-a-sql-ce-database/ /blog/fixing-the-file-sharing-violation-exception-when-verifying-and-repairing-a-sql-ce-database
Redirect 301 /code/2012/04/06/simplest-code-needed-to-create-an-excel-2010-file-with-open-xml-sdk-2-0/ /blog/simplest-code-needed-to-create-an-excel-2010-file-with-open-xml-sdk-2-0
Redirect 301 /code/2012/03/26/querying-groups-and-users-across-multiple-domains-with-ldap-in-c-net/ /blog/querying-groups-and-users-across-multiple-domains-with-ldap-in-c-net
Redirect 301 /code/2012/03/16/make-your-sqlite-bulk-inserts-very-fast-in-c/ /blog/make-your-sqlite-bulk-inserts-very-fast-in-c
Redirect 301 /blog/2012/02/15/importing-dc-capital-bikeshare-data-into-a-sqlite3-database/ /blog/importing-dc-capital-bikeshare-data-into-a-sqlite3-database
Redirect 301 /code/2012/02/07/use-zend-framework-to-list-all-of-a-given-users-google-spreadsheets/ /blog/use-zend-framework-to-list-all-of-a-given-users-google-spreadsheets
Redirect 301 /code/2012/02/01/net-custom-configuration-section-collection-and-elements/ /blog/net-custom-configuration-section-collection-and-elements
Redirect 301 /code/2011/11/10/create-customvalidator-to-enforce-maxlength-on-a-multiline-textbox/ /blog/create-customvalidator-to-enforce-maxlength-on-a-multiline-textbox

# redirects for jokecamp.wordpress.com
Redirect 301 /2014/08/08/getting-started-with-iisnode/ /blog/getting-started-with-iisnode
Redirect 301 /2014/06/28/alternate-way-to-build-your-own-football-db-sqlite-database/ /blog/alternate-way-to-build-your-own-football-db-sqlite-database
Redirect 301 /2014/06/07/building-a-raspberry-pi-photo-frame/ /blog/building-a-raspberry-pi-photo-frame
Redirect 301 /2014/06/06/resolving-angularjs-paths-in-asp-mvc-spa-iis/ /blog/resolving-angularjs-paths-in-asp-mvc-spa-iis
Redirect 301 /2014/03/27/setup-up-your-mac-for-net-development/ /blog/setup-up-your-mac-for-net-development
Redirect 301 /2014/03/08/guide-to-football-and-soccer-data-and-apis/ /blog/guide-to-football-and-soccer-data-and-apis
Redirect 301 /2013/12/30/staying-current-with-techdeveloper-news/ /blog/staying-current-with-techdeveloper-news
Redirect 301 /2013/12/17/experiment-in-restful-api-partial-updates-via-patch-verb-in-servicestack/ /blog/experiment-in-restful-api-partial-updates-via-patch-verb-in-servicestack
Redirect 301 /2013/12/14/tutorial-how-to-use-teamcity-powershell-runner-to-automatically-deploy-website/ /blog/tutorial-how-to-use-teamcity-powershell-runner-to-automatically-deploy-website
Redirect 301 /2013/11/25/querying-the-teamcity-rest-api-with-powershell/ /blog/querying-the-teamcity-rest-api-with-powershell
Redirect 301 /2013/10/24/just-spotted-opserver-stack-exchanges-open-source-monitoring-system/ /blog/just-spotted-opserver-stack-exchanges-open-source-monitoring-system
Redirect 301 /2013/09/17/windows-powershell-script-examples-for-devops/ /blog/windows-powershell-script-examples-for-devops
Redirect 301 /2013/09/07/code-generation-using-servicestack-ormlite-and-t4-text-templates/ /blog/code-generation-using-servicestack-ormlite-and-t4-text-templates
Redirect 301 /2013/06/30/servicestack-api-with-fastcgi-mono-server-and-nginx-hosted-on-digitalocean/ /blog/servicestack-api-with-fastcgi-mono-server-and-nginx-hosted-on-digitalocean
Redirect 301 /2013/06/11/using-postsharp-to-add-servicestack-route-attributes/ /blog/using-postsharp-to-add-servicestack-route-attributes
Redirect 301 /2013/02/18/cryptonomicon-the-ultimate-computer-geek-novel-reading-aids/ /blog/cryptonomicon-the-ultimate-computer-geek-novel-reading-aids
Redirect 301 /2013/01/16/connecting-to-sftp-with-key-file-and-password-using-ssh-net/ /blog/connecting-to-sftp-with-key-file-and-password-using-ssh-net
Redirect 301 /2012/12/16/authenticating-servicestack-rest-api-using-hmac/ /blog/authenticating-servicestack-rest-api-using-hmac
Redirect 301 /2012/10/21/examples-of-creating-base64-hashes-using-hmac-sha256-in-different-languages/ /blog/examples-of-creating-base64-hashes-using-hmac-sha256-in-different-languages
Redirect 301 /2012/07/26/how-to-create-an-asp-net-httphandler-to-serve-files-from-local-system/ /blog/how-to-create-an-asp-net-httphandler-to-serve-files-from-local-system
Redirect 301 /2012/07/17/a-clean-javascript-ui-notification-system-with-jquery/ /blog/a-clean-javascript-ui-notification-system-with-jquery
Redirect 301 /2012/04/11/fixing-the-file-sharing-violation-exception-when-verifying-and-repairing-a-sql-ce-database/ /blog/fixing-the-file-sharing-violation-exception-when-verifying-and-repairing-a-sql-ce-database
Redirect 301 /2012/04/06/simplest-code-needed-to-create-an-excel-2010-file-with-open-xml-sdk-2-0/ /blog/simplest-code-needed-to-create-an-excel-2010-file-with-open-xml-sdk-2-0
Redirect 301 /2012/03/26/querying-groups-and-users-across-multiple-domains-with-ldap-in-c-net/ /blog/querying-groups-and-users-across-multiple-domains-with-ldap-in-c-net
Redirect 301 /2012/03/16/make-your-sqlite-bulk-inserts-very-fast-in-c/ /blog/make-your-sqlite-bulk-inserts-very-fast-in-c
Redirect 301 /2012/02/15/importing-dc-capital-bikeshare-data-into-a-sqlite3-database/ /blog/importing-dc-capital-bikeshare-data-into-a-sqlite3-database
Redirect 301 /2012/02/07/use-zend-framework-to-list-all-of-a-given-users-google-spreadsheets/ /blog/use-zend-framework-to-list-all-of-a-given-users-google-spreadsheets
Redirect 301 /2012/02/01/net-custom-configuration-section-collection-and-elements/ /blog/net-custom-configuration-section-collection-and-elements
Redirect 301 /2011/11/10/create-customvalidator-to-enforce-maxlength-on-a-multiline-textbox/ /blog/create-customvalidator-to-enforce-maxlength-on-a-multiline-textbox

# Other

Redirect 301 /2014/03/26/setup-up-your-mac-for-net-development/ /blog/setup-up-your-mac-for-net-development
Redirect 301 /books-for-geeks/ /blog/books-for-geeks
Redirect 301 /2014/06/06/resolving-angularjs-paths-for-iis-express-vs-deploying-to-an-iis-application/ /blog/resolving-angularjs-paths-in-asp-mvc-spa-iis
Redirect 301 /2011/11/10/create-customvalidator-to-enforce-maxlength/ /blog/create-customvalidator-to-enforce-maxlength-on-a-multiline-textbox
Redirect 301 /2012/10/21/examples-of-creating-base64-hashes-using-hmac-sha.../ /blog/examples-of-creating-base64-hashes-using-hmac-sha256-in-different-languages
Redirect 301 /2012/10/21/examples-of-creating-base64-hashes-using-hmac-sha256/ /blog/examples-of-creating-base64-hashes-using-hmac-sha256-in-different-languages
Redirect 301 /2012/12/16/authenticating-servicestack-rest/ /blog/authenticating-servicestack-rest-api-using-hmac
Redirect 301 /blog/books-for-geeks /books-for-geeks/

Redirect 301 /tag/.net /tag/#.net
Redirect 301 /tag/c# /tag/#c#
Redirect 301 /tag/ui /tag/#ui
Redirect 301 /tag/validation /tag/#validation
Redirect 301 /tag/.net configuration /tag/#.net-configuration
Redirect 301 /tag/configuration /tag/#configuration
Redirect 301 /tag/googleapi /tag/#googleapi
Redirect 301 /tag/php /tag/#php
Redirect 301 /tag/zend /tag/#zend
Redirect 301 /tag/sqlite /tag/#sqlite
Redirect 301 /tag/activedirectory /tag/#activedirectory
Redirect 301 /tag/ldap /tag/#ldap
Redirect 301 /tag/openxml /tag/#openxml
Redirect 301 /tag/db /tag/#db
Redirect 301 /tag/sqlce /tag/#sqlce
Redirect 301 /tag/javascript /tag/#javascript
Redirect 301 /tag/asp.net /tag/#asp.net
Redirect 301 /tag/audio /tag/#audio
Redirect 301 /tag/html5 /tag/#html5
Redirect 301 /tag/dart /tag/#dart
Redirect 301 /tag/go /tag/#go
Redirect 301 /tag/hmac /tag/#hmac
Redirect 301 /tag/java /tag/#java
Redirect 301 /tag/objectivec /tag/#objectivec
Redirect 301 /tag/perl /tag/#perl
Redirect 301 /tag/python /tag/#python
Redirect 301 /tag/rest /tag/#rest
Redirect 301 /tag/ruby /tag/#ruby
Redirect 301 /tag/security /tag/#security
Redirect 301 /tag/sha256 /tag/#sha256
Redirect 301 /tag/swift /tag/#swift
Redirect 301 /tag/api /tag/#api
Redirect 301 /tag/servicestack /tag/#servicestack
Redirect 301 /tag/sftp /tag/#sftp
Redirect 301 /tag/ssh.net /tag/#ssh.net
Redirect 301 /tag/book /tag/#book
Redirect 301 /tag/cryptography /tag/#cryptography
Redirect 301 /tag/restful /tag/#restful
Redirect 301 /tag/fastcgi /tag/#fastcgi
Redirect 301 /tag/mono /tag/#mono
Redirect 301 /tag/nginx /tag/#nginx
Redirect 301 /tag/codegeneration /tag/#codegeneration
Redirect 301 /tag/ormlite /tag/#ormlite
Redirect 301 /tag/sql /tag/#sql
Redirect 301 /tag/devops /tag/#devops
Redirect 301 /tag/powershell /tag/#powershell
Redirect 301 /tag/open-source /tag/#open-source
Redirect 301 /tag/automation /tag/#automation
Redirect 301 /tag/continuous-integration /tag/#continuous-integration
Redirect 301 /tag/teamcity /tag/#teamcity
Redirect 301 /tag/continous-integration /tag/#continous-integration
Redirect 301 /tag/deployment /tag/#deployment
Redirect 301 /tag/patch /tag/#patch
Redirect 301 /tag/opendata /tag/#opendata
Redirect 301 /tag/sportsdata /tag/#sportsdata
Redirect 301 /tag/osx /tag/#osx
Redirect 301 /tag/angularjs /tag/#angularjs
Redirect 301 /tag/iis /tag/#iis
Redirect 301 /tag/mvc /tag/#mvc
Redirect 301 /tag/razor /tag/#razor
Redirect 301 /tag/hobby /tag/#hobby
Redirect 301 /tag/pi /tag/#pi
Redirect 301 /tag/raspberrypi /tag/#raspberrypi
Redirect 301 /tag/unix /tag/#unix
Redirect 301 /tag/github /tag/#github
Redirect 301 /tag/soccer /tag/#soccer
Redirect 301 /tag/iisnode /tag/#iisnode
Redirect 301 /tag/nodejs /tag/#nodejs
Redirect 301 /tag/windows /tag/#windows
Redirect 301 /tag/jekyll /tag/#jekyll
